Company,Company Score,Job Title,Location,Date,Salary
571,1.0,294,174,8d,358
598,0.736842105263158,466,243,2d,320
230,0.5263157894736841,40,55,2d,598
481,0.3157894736842106,418,168,2d,618
575,0.10526315789473695,294,267,2d,500
495,0.5263157894736841,32,204,1d,132
278,0.5789473684210527,21,5,7d,432
583,0.21052631578947367,372,35,10d,593
393,0.6842105263157894,487,243,1d,203
464,0.6315789473684208,150,253,5d,546
248,0.4736842105263157,294,243,1d,299
258,0.6315789473684208,294,293,30d+,122
320,0.42105263157894757,294,190,2d,373
62,0.5789473684210527,433,35,2d,263
45,0.6315789473684208,127,232,6d,3
481,0.3157894736842106,412,168,2d,361
251,0.1578947368421053,294,265,2d,138
345,0.26315789473684204,100,293,2d,496
4,0.26315789473684204,294,139,1d,506
502,0.6842105263157894,294,277,10d,285
23,0.0,282,254,10d,347
521,0.5789473684210527,21,21,2d,65
87,0.6315789473684208,339,35,30d+,32
45,0.1578947368421053,74,281,5d,135
29,0.5789473684210527,349,51,2d,589
57,0.6842105263157894,448,8,6d,370
23,0.736842105263158,294,160,13d,192
598,0.3157894736842106,215,243,3d,526
465,0.26315789473684204,294,198,2d,431
269,0.42105263157894757,294,219,4d,19
150,0.21052631578947367,294,63,2d,22
153,0.6842105263157894,389,253,13d,404
314,0.5263157894736841,34,138,9d,14
416,0.6315789473684208,85,79,2d,293
268,0.26315789473684204,197,228,22d,380
246,0.7894736842105265,431,244,18d,521
486,0.6842105263157894,294,229,30d+,109
553,0.7894736842105265,21,75,2d,412
332,0.42105263157894757,272,48,17d,214
164,0.5263157894736841,134,293,10d,392
591,0.8421052631578947,346,193,4d,122
341,0.5263157894736841,294,293,2d,533
612,0.3157894736842106,294,293,30d+,338
104,0.6315789473684208,475,44,18d,400
126,0.4736842105263157,371,23,2d,403
185,0.736842105263158,471,81,2d,202
28,0.6315789473684208,421,265,3d,154
91,0.052631578947368585,282,110,4d,234
161,0.3157894736842106,294,74,2d,81
358,0.21052631578947367,437,110,1d,322
498,0.42105263157894757,294,43,3d,594
490,0.4736842105263157,142,303,1d,413
413,0.368421052631579,294,272,4d,328
249,0.368421052631579,272,201,10d,384
53,0.5789473684210527,294,291,30d+,414
607,0.4736842105263157,335,243,30d+,622
482,0.42105263157894757,356,23,2d,92
497,0.6842105263157894,308,8,10d,76
257,0.6842105263157894,159,293,10d,188
532,0.4736842105263157,422,74,8d,430
582,0.736842105263158,357,19,6d,470
92,0.736842105263158,294,12,3d,450
568,0.42105263157894757,371,182,2d,522
26,0.10526315789473695,260,146,1d,389
306,0.3157894736842106,294,73,16d,366
532,0.42105263157894757,233,74,30d+,354
456,0.4736842105263157,434,278,20d,308
296,0.6315789473684208,397,168,30d+,383
532,0.26315789473684204,348,74,30d+,550
453,0.1578947368421053,250,265,25d,17
557,0.4736842105263157,186,94,2d,213
611,0.5789473684210527,371,294,12d,501
8,0.8947368421052628,294,205,12d,162
9,0.26315789473684204,294,229,2d,222
301,0.0,463,293,8d,16
272,0.052631578947368585,145,302,23d,122
552,0.26315789473684204,23,149,30d+,615
439,0.4736842105263157,21,195,4d,56
528,0.10526315789473695,294,138,2d,178
106,1.0,294,104,30d+,435
235,0.3157894736842106,131,11,10d,91
266,0.3157894736842106,190,290,30d+,455
105,0.4736842105263157,379,141,23d,368
504,0.7894736842105265,142,104,2d,395
500,0.4736842105263157,11,245,1d,611
283,0.4736842105263157,38,229,9d,497
398,0.4736842105263157,417,293,8d,346
570,0.3157894736842106,369,293,11d,371
354,0.6842105263157894,94,293,4d,437
462,0.5263157894736841,294,293,30d+,122
117,0.5789473684210527,63,293,2d,553
284,0.21052631578947367,487,12,6d,106
383,0.4736842105263157,294,293,2d,60
446,1.0,294,97,3d,447
176,0.42105263157894757,294,293,2d,284
482,0.6315789473684208,331,23,4d,483
322,0.5789473684210527,130,74,2d,321
337,0.5789473684210527,239,64,19d,252
588,0.9473684210526319,183,243,2d,610
46,0.42105263157894757,272,236,3d,356
3,0.5263157894736841,294,50,30d+,581
501,0.3157894736842106,274,59,26d,429
270,0.5263157894736841,215,223,4d,294
427,0.1578947368421053,371,112,2d,474
488,0.368421052631579,337,175,3d,151
217,0.052631578947368585,46,35,4d,208
541,0.6315789473684208,294,300,17d,289
22,0.1578947368421053,294,287,4d,503
102,0.26315789473684204,140,228,1d,262
124,0.10526315789473695,294,181,4d,97
128,0.26315789473684204,343,310,3d,25
549,0.368421052631579,386,253,9d,21
145,1.0,17,140,6d,551
542,0.26315789473684204,215,129,1d,534
342,0.3157894736842106,390,252,30d+,490
267,0.10526315789473695,118,63,17d,375
537,0.5789473684210527,350,265,3d,233
475,0.6842105263157894,294,86,23d,398
300,0.6315789473684208,508,109,2d,66
564,0.3157894736842106,294,262,30d+,131
276,0.5263157894736841,321,293,17d,85
574,0.3157894736842106,142,104,10d,21
361,0.10526315789473695,271,134,3d,363
133,0.368421052631579,214,265,9d,121
514,0.052631578947368585,294,70,2d,355
107,0.4736842105263157,294,293,30d+,122
169,0.5263157894736841,19,305,2d,481
313,0.1578947368421053,34,245,13d,226
268,0.6315789473684208,6,10,17d,58
613,0.3157894736842106,384,265,30d+,37
54,0.21052631578947367,427,27,6d,456
58,0.3157894736842106,90,243,5d,4
107,0.5237109270638527,294,293,30d+,122
286,0.42105263157894757,243,243,12d,75
581,0.7894736842105265,313,77,1d,421
180,0.368421052631579,384,229,16d,529
503,0.052631578947368585,294,254,30d+,394
544,0.7894736842105265,396,189,19d,254
138,0.3157894736842106,12,63,25d,339
71,0.6315789473684208,191,230,30d+,70
463,0.6315789473684208,448,3,18d,469
155,0.7894736842105265,480,243,1d,42
199,0.5789473684210527,63,78,3d,439
130,0.6315789473684208,215,203,9d,482
450,0.736842105263158,152,178,3d,180
263,0.21052631578947367,305,68,11d,175
294,0.4736842105263157,186,130,10d,275
198,0.7894736842105265,329,5,3d,606
503,0.5789473684210527,294,254,19d,112
31,0.5789473684210527,354,293,9d,245
335,0.8947368421052628,294,243,2d,289
81,0.4736842105263157,68,179,5d,247
510,0.6315789473684208,469,156,5d,303
55,0.5263157894736841,371,116,5d,146
330,0.5263157894736841,294,278,30d+,438
603,0.1578947368421053,245,204,1d,411
406,0.6842105263157894,236,243,2d,98
599,0.4736842105263157,487,293,16d,102
78,0.42105263157894757,294,68,9d,120
75,0.5263157894736841,11,17,2d,517
499,0.9473684210526319,47,67,2d,574
289,0.10526315789473695,230,26,3d,88
214,0.6842105263157894,294,293,2d,288
360,0.7894736842105265,173,93,3d,199
57,0.7894736842105265,51,293,6d,203
527,0.9473684210526319,73,241,30d+,388
390,0.5789473684210527,327,243,1d,443
343,0.368421052631579,294,141,30d+,103
613,0.4736842105263157,175,265,4d,478
99,0.4736842105263157,371,243,2d,518
224,0.42105263157894757,448,84,30d+,243
554,0.1578947368421053,370,100,16d,548
380,0.4736842105263157,294,108,4d,96
570,0.4736842105263157,368,8,30d+,462
261,0.26315789473684204,477,17,1d,600
563,0.4736842105263157,136,131,23d,177
541,0.8421052631578947,294,122,30d+,323
167,0.368421052631579,294,293,5d,137
352,0.7894736842105265,294,240,4d,549
61,0.6315789473684208,202,168,2d,625
386,0.10526315789473695,420,253,5d,436
494,0.3157894736842106,314,243,3d,145
466,0.6315789473684208,294,293,6d,379
434,0.4736842105263157,294,293,5d,608
523,0.7894736842105265,164,16,2d,508
354,0.4736842105263157,324,204,30d+,173
27,0.5789473684210527,384,243,1d,577
443,0.5263157894736841,294,24,24d,43
163,0.42105263157894757,438,74,30d+,428
580,0.3157894736842106,294,73,4d,603
95,0.42105263157894757,294,52,10d,142
493,0.10526315789473695,48,243,25d,419
260,0.8421052631578947,294,234,30d+,427
103,0.6315789473684208,63,293,3d,479
379,0.6842105263157894,279,63,10d,512
522,0.6315789473684208,294,68,30d+,614
407,0.8947368421052628,510,293,9d,190
123,0.21052631578947367,373,204,20d,62
464,0.10526315789473695,446,253,3d,281
367,0.10526315789473695,294,139,3d,84
82,0.7894736842105265,70,265,2d,261
297,0.6315789473684208,367,58,15d,588
123,0.10526315789473695,385,204,19d,307
35,0.4736842105263157,190,271,13d,267
545,0.4736842105263157,442,253,2d,513
480,0.4736842105263157,294,16,30d+,401
133,0.9473684210526319,282,254,30d+,473
400,0.5263157894736841,410,254,2d,385
581,0.8947368421052628,175,23,1d,553
522,0.42105263157894757,294,180,18d,466
252,0.3157894736842106,294,276,10d,387
352,0.5789473684210527,294,240,5d,376
374,0.7894736842105265,258,243,17d,7
356,0.8947368421052628,322,59,11d,138
395,0.42105263157894757,120,32,30d+,531
272,0.7894736842105265,155,252,19d,134
242,0.6842105263157894,162,170,3d,219
581,0.5263157894736841,63,77,24h,522
135,0.8421052631578947,294,199,12d,618
581,0.8947368421052628,217,23,30d+,541
366,0.368421052631579,294,100,16d,295
56,0.26315789473684204,113,35,30d+,158
207,1.0,102,261,2d,210
274,0.21052631578947367,189,139,30d+,41
71,0.10526315789473695,192,230,30d+,297
566,0.3157894736842106,416,251,30d+,319
142,0.7894736842105265,294,5,30d+,194
318,0.6842105263157894,294,124,26d,191
544,0.21052631578947367,398,189,12d,539
134,1.0,63,189,11d,595
541,0.5263157894736841,366,243,4d,465
68,0.5263157894736841,294,122,30d+,327
376,0.3157894736842106,303,122,30d+,477
236,0.3157894736842106,309,293,9d,623
506,0.42105263157894757,107,49,1d,215
331,0.3157894736842106,482,23,3d,169
414,0.8421052631578947,9,40,10d,452
603,0.4736842105263157,449,270,3d,168
272,0.6842105263157894,497,204,1d,559
468,0.5789473684210527,158,293,23d,23
459,0.3157894736842106,294,184,5d,311
3,0.4736842105263157,294,11,4d,143
533,0.6315789473684208,402,50,30d+,240
405,0.3157894736842106,436,63,20d,454
280,0.5263157894736841,193,142,20d,599
119,0.9473684210526319,279,268,30d+,576
361,0.6842105263157894,294,60,3d,201
46,0.3157894736842106,392,134,30d+,411
485,0.3157894736842106,157,236,30d+,317
107,0.10526315789473695,294,293,30d+,122
107,0.6315789473684208,404,255,2d,133
346,0.7894736842105265,292,154,5d,107
370,0.3157894736842106,272,14,3d,312
479,1.0,124,164,24d,44
23,0.3157894736842106,294,302,30d+,357
30,0.6315789473684208,294,160,12d,485
551,0.5263157894736841,91,62,2d,71
548,0.4736842105263157,215,258,5d,620
140,0.42105263157894757,380,253,27d,310
590,0.21052631578947367,428,259,8d,623
481,0.736842105263158,288,21,19d,345
112,0.42105263157894757,41,204,2d,302
432,0.5789473684210527,294,48,2d,453
481,0.4736842105263157,142,8,6d,33
262,0.5263157894736841,413,168,4d,391
593,0.736842105263158,501,204,30d+,82
338,0.10526315789473695,215,13,30d+,591
467,0.368421052631579,263,209,8d,537
353,0.4736842105263157,20,2,9d,456
175,0.4736842105263157,195,220,24d,150
136,0.6842105263157894,480,265,1d,406
309,0.6315789473684208,492,12,4d,563
331,0.42105263157894757,102,238,5d,195
329,0.26315789473684204,319,40,30d+,94
85,0.6315789473684208,340,120,30d+,20
68,0.5263157894736841,216,243,2d,494
560,0.8421052631578947,503,200,4d,0
381,0.9473684210526319,160,293,2d,378
565,0.8947368421052628,315,102,18d,628
50,0.9473684210526319,193,302,5d,205
331,0.6315789473684208,383,221,5d,189
107,0.6842105263157894,371,311,30d+,422
352,0.6315789473684208,141,313,2d,579
378,0.368421052631579,362,293,2d,580
256,0.6842105263157894,215,35,30d+,520
20,0.5789473684210527,400,254,13d,350
616,0.368421052631579,215,261,9d,106
72,0.5789473684210527,37,47,4d,502
435,0.368421052631579,507,152,2d,547
32,0.5263157894736841,92,253,3d,575
579,1.0,316,8,18d,207
115,0.8421052631578947,294,259,9d,607
500,0.368421052631579,353,139,2d,28
279,0.9473684210526319,294,76,25d,282
66,0.5263157894736841,117,8,11d,524
70,0.5263157894736841,291,216,6d,410
298,1.0,306,293,4d,193
584,0.6842105263157894,294,143,2d,429
21,0.3157894736842106,294,73,3d,229
129,0.6315789473684208,294,69,3d,499
581,0.21052631578947367,455,254,12d,184
576,0.4736842105263157,215,77,2d,601
108,0.6315789473684208,487,160,4d,561
389,0.8421052631578947,294,51,22d,185
211,0.4736842105263157,272,242,24h,255
143,0.8421052631578947,46,307,9d,121
546,0.5263157894736841,371,136,12d,292
18,0.10526315789473695,213,250,1d,405
299,0.5263157894736841,403,215,30d+,480
600,0.5263157894736841,294,302,11d,58
615,0.5789473684210527,448,282,30d+,269
265,0.6842105263157894,294,53,5d,562
597,0.5789473684210527,336,15,30d+,162
2,0.052631578947368585,478,12,5d,415
45,0.3157894736842106,294,169,30d+,446
160,0.3157894736842106,203,281,30d+,140
458,0.6315789473684208,215,233,4d,425
48,0.1578947368421053,371,189,3d,26
438,0.5263157894736841,139,243,3d,100
516,0.5789473684210527,215,296,2d,495
434,0.6315789473684208,294,25,30d+,455
608,0.6315789473684208,198,221,6d,457
156,0.736842105263158,361,176,30d+,204
504,0.6315789473684208,432,106,30d+,471
281,0.5263157894736841,364,8,19d,336
561,0.6315789473684208,33,8,30d+,530
489,0.368421052631579,294,99,30d+,73
271,0.5263157894736841,46,293,10d,83
368,0.4736842105263157,294,133,2d,565
613,0.368421052631579,215,229,4d,139
68,0.8421052631578947,487,243,2d,342
504,0.26315789473684204,384,254,19d,63
227,0.5789473684210527,78,162,30d+,556
416,0.736842105263158,220,188,3d,511
469,0.26315789473684204,163,130,6d,124
273,0.4736842105263157,483,293,2d,300
297,0.8947368421052628,31,130,9d,305
203,0.6842105263157894,294,256,30d+,498
281,0.42105263157894757,63,58,30d+,613
205,0.6842105263157894,368,158,30d+,55
471,0.8421052631578947,294,293,5d,475
281,0.052631578947368585,310,312,30d+,572
547,0.5263157894736841,64,99,5d,93
167,0.6315789473684208,54,168,5d,326
316,0.7894736842105265,371,273,1d,393
513,0.7894736842105265,63,207,5d,266
170,0.5789473684210527,56,95,30d+,582
563,0.6315789473684208,215,265,30d+,360
550,0.42105263157894757,88,5,1d,290
63,0.42105263157894757,307,131,27d,367
10,0.4736842105263157,215,23,9d,25
340,0.8421052631578947,294,13,13d,35
404,0.8947368421052628,30,243,2d,289
325,0.42105263157894757,470,59,18d,493
449,0.6315789473684208,45,1,4d,346
410,0.42105263157894757,509,289,1d,29
529,0.5263157894736841,39,293,10d,259
230,0.42105263157894757,86,204,30d+,377
441,0.7894736842105265,294,242,5d,1
111,0.42105263157894757,266,248,25d,488
45,0.736842105263158,502,297,9d,15
431,0.7894736842105265,67,293,17d,2
204,0.368421052631579,72,228,2d,331
170,0.42105263157894757,181,278,30d+,344
221,0.6315789473684208,487,47,24d,445
602,0.6842105263157894,282,47,30d+,116
419,0.3157894736842106,76,293,2d,309
487,0.21052631578947367,485,117,3d,166
373,0.6842105263157894,294,164,30d+,80
614,0.3157894736842106,106,198,7d,121
519,0.5263157894736841,105,82,30d+,596
210,1.0,312,37,4d,19
606,0.9473684210526319,58,59,30d+,64
339,0.5263157894736841,146,16,4d,399
389,0.0,184,26,30d+,390
365,0.5789473684210527,294,9,3d,90
409,0.5789473684210527,272,293,1d,622
567,0.3157894736842106,209,259,1d,468
49,0.736842105263158,278,263,9d,540
369,0.368421052631579,294,163,16d,440
470,0.368421052631579,93,66,1d,167
33,0.42105263157894757,270,35,10d,348
106,0.6842105263157894,500,266,1d,211
491,0.5263157894736841,256,302,9d,359
152,0.5263157894736841,178,104,6d,487
5,0.7894736842105265,390,181,30d+,59
539,0.10526315789473695,498,254,3d,442
586,0.6315789473684208,116,143,3d,248
323,0.5263157894736841,215,178,16d,296
137,0.4736842105263157,99,302,17d,316
179,1.0,423,253,18d,236
139,0.6842105263157894,462,102,10d,236
315,0.5789473684210527,466,284,3d,26
275,0.4736842105263157,294,243,12d,424
394,0.8421052631578947,102,302,30d+,612
36,0.5789473684210527,272,23,30d+,515
424,0.5263157894736841,97,45,10d,224
122,0.5789473684210527,476,293,3d,256
304,0.5789473684210527,294,180,9d,149
287,0.368421052631579,294,227,2d,451
483,0.26315789473684204,480,160,10d,123
386,0.6842105263157894,294,302,10d,86
386,0.7894736842105265,375,217,2d,484
100,0.10526315789473695,156,131,25d,108
279,0.4736842105263157,103,253,6d,163
250,0.4736842105263157,277,43,4d,206
423,0.5263157894736841,138,60,2d,625
310,0.7894736842105265,80,181,3d,34
168,0.42105263157894757,193,0,30d+,139
243,0.368421052631579,219,16,11d,67
282,0.5263157894736841,282,12,3d,444
417,1.0,178,194,3d,351
442,0.42105263157894757,472,96,12d,153
130,0.4736842105263157,424,171,16d,545
60,0.42105263157894757,63,212,12d,114
176,0.26315789473684204,492,203,9d,2
504,0.6842105263157894,272,87,17d,527
265,0.5789473684210527,487,243,3d,573
90,0.4736842105263157,294,68,30d+,53
215,0.6842105263157894,61,206,9d,364
422,0.10526315789473695,125,188,27d,458
298,0.4736842105263157,77,141,27d,10
520,0.26315789473684204,83,113,30d+,243
129,0.8421052631578947,294,143,4d,523
241,0.5789473684210527,1,229,6d,258
116,0.21052631578947367,294,254,30d+,464
177,0.8947368421052628,132,228,3d,555
113,0.368421052631579,360,8,30d,65
44,0.6315789473684208,294,35,1d,499
307,0.5789473684210527,462,114,11d,396
415,0.5263157894736841,63,243,2d,8
159,1.0,294,59,30d+,220
144,0.5263157894736841,399,253,5d,57
445,0.6842105263157894,294,75,3d,407
7,0.5789473684210527,21,161,5d,273
132,0.6315789473684208,471,76,1d,221
444,0.5263157894736841,294,122,30d+,627
411,0.3157894736842106,133,8,30d+,27
166,0.5263157894736841,121,63,4d,209
392,0.6842105263157894,179,8,10d,218
223,0.6315789473684208,232,293,11d,197
377,0.6315789473684208,506,197,4d,74
402,0.6315789473684208,35,253,4d,235
317,0.368421052631579,0,165,1d,569
118,0.3157894736842106,26,298,3d,334
608,0.5263157894736841,167,253,30d+,343
228,0.42105263157894757,24,12,1d,186
512,1.0,351,35,30d+,241
470,0.6315789473684208,62,172,23d,325
237,0.1578947368421053,259,243,3d,552
237,0.368421052631579,293,107,1d,230
110,0.5263157894736841,228,185,17d,567
73,0.8947368421052628,238,130,30d+,250
421,0.26315789473684204,333,119,11d,170
386,0.736842105263158,405,153,20d,507
94,0.368421052631579,493,289,3d,251
38,0.6842105263157894,417,253,6d,231
200,0.4736842105263157,206,265,30d+,506
132,0.26315789473684204,426,78,13d,458
39,0.26315789473684204,221,47,3d,578
73,0.6315789473684208,143,8,30d+,87
86,0.6315789473684208,459,293,11d,214
333,0.6315789473684208,96,8,16d,24
178,0.6315789473684208,148,144,2d,260
226,0.5789473684210527,294,240,30d+,52
426,0.6315789473684208,246,243,18d,570
311,0.6315789473684208,444,169,30d+,271
352,0.6315789473684208,294,192,19d,587
107,0.6842105263157894,294,78,27d,159
297,0.8947368421052628,377,240,5d,467
206,0.5263157894736841,479,39,3d,579
281,0.6315789473684208,237,58,30d+,54
350,0.5789473684210527,381,293,12d,182
153,0.6842105263157894,100,196,5d,301
19,0.42105263157894757,75,254,23d,304
451,0.4736842105263157,387,71,30d+,18
187,0.368421052631579,151,204,19d,532
239,0.6315789473684208,344,264,1d,369
147,0.9473684210526319,98,36,30d+,566
355,0.3157894736842106,391,150,1d,571
302,0.6842105263157894,332,265,10d,104
84,0.6842105263157894,244,253,7d,592
371,0.5789473684210527,471,147,30d+,187
37,0.5263157894736841,81,8,4d,543
164,0.9473684210526319,326,254,10d,609
73,0.5789473684210527,215,302,30d+,277
258,1.0,294,293,10d,244
548,0.5263157894736841,82,293,2d,47
498,0.26315789473684204,376,228,13d,583
230,0.5263157894736841,227,204,1d,486
23,0.8421052631578947,461,237,30d+,126
258,0.736842105263158,282,160,20d,604
305,1.0,447,177,27d,5
558,0.6315789473684208,371,177,5d,217
209,0.3157894736842106,294,18,30d+,46
240,0.5789473684210527,186,44,4d,625
457,0.5263157894736841,294,74,23d,434
131,0.5789473684210527,414,293,4d,16
32,0.5789473684210527,487,68,1d,333
578,0.5263157894736841,345,8,30d+,113
109,0.42105263157894757,318,8,3d,174
608,0.6842105263157894,52,269,11d,491
230,0.4736842105263157,25,85,26d,504
452,0.3157894736842106,355,106,30d+,626
253,0.368421052631579,224,213,30d,397
391,0.3157894736842106,104,8,12d,314
206,0.052631578947368585,294,254,12d,50
195,0.6315789473684208,473,280,30d+,372
245,0.6315789473684208,481,204,18d,330
292,0.4736842105263157,491,35,30d+,460
96,0.6315789473684208,286,106,6d,349
17,0.5263157894736841,294,16,19d,197
420,0.26315789473684204,215,63,4d,157
206,0.3157894736842106,371,283,30d+,242
472,0.6842105263157894,249,63,6d,283
524,0.5263157894736841,384,204,30d+,166
445,0.42105263157894757,135,243,2d,365
259,0.6842105263157894,285,293,16d,313
247,0.1578947368421053,494,293,2d,463
371,0.5263157894736841,149,243,30d+,51
426,0.6315789473684208,275,128,10d,172
464,0.5263157894736841,294,243,10d,212
572,0.42105263157894757,394,192,12d,520
258,0.368421052631579,112,253,30d+,46
384,0.26315789473684204,406,16,4d,423
357,0.7894736842105265,161,308,30d+,214
45,0.8421052631578947,499,259,30d+,14
359,0.5789473684210527,27,5,10d,486
184,0.26315789473684204,36,228,6d,629
69,0.42105263157894757,215,145,11d,156
28,0.42105263157894757,368,130,30d+,225
542,0.5789473684210527,201,23,30d+,581
234,0.4736842105263157,352,253,1d,597
509,0.6315789473684208,294,8,30d+,111
158,0.736842105263158,359,254,21d,268
292,0.7894736842105265,40,226,6d,523
292,0.368421052631579,194,61,4d,232
595,0.368421052631579,401,307,25d,264
230,0.10526315789473695,129,228,9d,375
382,0.6842105263157894,240,16,19d,509
589,0.052631578947368585,199,55,4d,448
504,0.3157894736842106,294,8,30d+,128
147,0.10526315789473695,215,35,30d+,79
577,0.8421052631578947,294,8,30d+,118
321,0.42105263157894757,341,265,17d,122
375,0.42105263157894757,215,139,30d+,505
182,0.9473684210526319,144,8,30d+,318
12,0.5789473684210527,465,212,30d+,89
535,0.5789473684210527,480,8,4d,544
504,0.6315789473684208,50,98,30d+,452
326,0.368421052631579,182,176,11d,265
536,0.7894736842105265,361,68,30d+,341
498,0.6842105263157894,294,123,2d,200
67,0.5789473684210527,294,67,16d,514
219,0.6315789473684208,165,141,24d,324
220,0.5263157894736841,464,13,6d,352
197,0.10526315789473695,294,76,5d,449
94,0.21052631578947367,171,243,30d+,11
327,0.42105263157894757,205,63,10d,586
260,0.5263157894736841,302,254,6d,315
478,0.368421052631579,46,243,3d,48
587,0.4736842105263157,55,234,30d+,39
403,0.21052631578947367,235,210,3d,474
358,0.26315789473684204,505,293,6d,129
18,0.5789473684210527,261,293,6d,67
146,0.5263157894736841,435,110,19d,130
293,0.21052631578947367,294,91,3d,127
396,0.5263157894736841,371,145,9d,441
454,0.10526315789473695,215,11,13d,418
534,0.368421052631579,294,29,10d,519
173,0.736842105263158,454,259,5d,535
518,0.6842105263157894,342,247,10d,253
352,0.5789473684210527,408,253,18d,136
213,0.42105263157894757,496,110,4d,588
293,0.368421052631579,362,240,2d,381
141,0.3157894736842106,374,132,1d,163
448,0.736842105263158,301,11,10d,335
425,0.052631578947368585,294,161,15d,157
189,0.7894736842105265,229,259,2d,227
230,0.9473684210526319,511,30,11d,374
480,0.736842105263158,407,275,26d,417
594,0.5263157894736841,69,213,23d,78
244,0.4736842105263157,362,293,30d+,624
562,0.26315789473684204,168,285,30d+,408
233,0.26315789473684204,18,304,30d+,542
192,0.6842105263157894,215,74,5d,557
110,0.42105263157894757,294,191,4d,122
299,0.42105263157894757,87,243,3d,147
460,0.3157894736842106,273,130,30d+,291
526,0.6842105263157894,294,73,30d+,584
206,0.3157894736842106,126,68,2d,257
540,0.3157894736842106,53,141,30d+,40
24,0.26315789473684204,480,204,30d+,68
385,0.4736842105263157,282,265,5d,420
363,0.4736842105263157,215,216,5d,279
116,0.42105263157894757,294,37,30d+,152
295,0.42105263157894757,294,38,30d+,459
348,0.6315789473684208,363,8,30d+,602
225,0.5789473684210527,234,243,16d,160
276,0.6842105263157894,458,12,2d,474
290,0.6315789473684208,456,12,24h,122
194,0.21052631578947367,215,36,6d,280
518,0.6842105263157894,214,254,11d,402
107,0.6315789473684208,210,6,6d,61
492,0.052631578947368585,490,110,4d,38
121,0.8421052631578947,110,119,17d,538
277,0.5263157894736841,421,265,3d,196
219,0.7894736842105265,267,72,3d,223
422,0.6315789473684208,185,67,30d+,619
496,0.4736842105263157,294,76,30d+,125
25,0.26315789473684204,272,113,30d+,525
290,0.42105263157894757,252,293,5d,157
216,0.26315789473684204,283,254,30d+,36
386,0.8947368421052628,3,8,18d,171
517,0.4736842105263157,294,28,3d,337
347,0.0,251,253,6d,468
601,0.736842105263158,452,208,18d,46
597,0.5789473684210527,328,240,3d,276
387,0.6842105263157894,43,8,15d,554
97,0.42105263157894757,175,265,30d+,433
264,0.42105263157894757,395,104,30d+,79
231,0.6842105263157894,21,16,5d,528
170,0.736842105263158,215,309,11d,141
148,0.7894736842105265,393,78,30d+,489
73,0.6315789473684208,215,5,1d,409
89,0.5263157894736841,484,243,2d,31
508,0.7894736842105265,215,212,6d,67
605,0.5263157894736841,439,155,3d,560
530,0.42105263157894757,298,293,9d,353
188,0.3157894736842106,226,202,3d,382
107,0.052631578947368585,101,254,10d,362
608,0.42105263157894757,66,225,5d,386
431,0.5263157894736841,282,119,30d+,216
88,0.6842105263157894,211,253,19d,13
461,0.3157894736842106,106,20,13d,287
372,0.7894736842105265,7,168,4d,164
14,0.26315789473684204,325,159,30d+,101
229,0.5789473684210527,215,35,9d,179
418,0.368421052631579,89,125,30d+,539
47,0.6315789473684208,22,235,1d,161
191,0.9473684210526319,272,306,16d,249
1,0.5263157894736841,106,301,11d,12
6,0.1578947368421053,34,103,30d+,239
555,0.6315789473684208,371,252,30d+,238
101,0.368421052631579,287,211,10d,176
477,0.4736842105263157,187,65,5d,278
585,0.6315789473684208,453,105,30d+,115
206,0.3157894736842106,294,33,12d,72
227,0.5789473684210527,242,6,25d,332
364,0.6315789473684208,382,293,30d+,45
429,0.5789473684210527,46,63,5d,564
596,0.4736842105263157,79,158,2d,369
388,0.052631578947368585,2,60,4d,137
484,0.5263157894736841,42,126,12d,228
206,0.6315789473684208,200,83,3d,558
351,0.26315789473684204,495,265,2d,132
83,0.3157894736842106,371,204,18d,476
609,0.368421052631579,123,33,30d+,426
76,0.4736842105263157,365,88,3d,144
43,0.42105263157894757,480,68,3d,460
464,0.5789473684210527,29,279,30d+,157
219,0.6842105263157894,95,204,4d,574
181,0.4736842105263157,445,23,4d,49
334,0.6315789473684208,338,76,16d,329
374,0.7894736842105265,172,296,30d+,77
428,0.8947368421052628,294,46,16d,105
288,0.6315789473684208,166,293,17d,84
196,0.368421052631579,188,54,5d,181
559,0.9473684210526319,109,11,30d+,69
252,0.4736842105263157,177,166,24h,617
358,0.26315789473684204,193,265,30d+,9
375,0.6315789473684208,49,102,11d,516
98,0.42105263157894757,323,110,1d,298
74,0.3157894736842106,296,180,30d+,416
323,0.736842105263158,467,299,30d+,119
252,0.3157894736842106,371,60,3d,616
389,0.5789473684210527,119,297,11d,492
208,0.6315789473684208,84,102,14d,472
141,0.3157894736842106,272,16,2d,237
52,0.5263157894736841,111,35,30d+,212
13,0.5263157894736841,443,56,2d,99
507,0.8947368421052628,390,228,27d,340
455,0.4736842105263157,294,224,16d,110
408,0.5789473684210527,294,218,23d,30
328,0.42105263157894757,218,34,22d,183
238,0.5789473684210527,154,118,30d+,585
43,0.6842105263157894,215,36,18d,590
183,0.42105263157894757,215,42,2d,148
291,0.3157894736842106,284,286,3d,6
172,0.6315789473684208,457,136,9d,246
517,0.368421052631579,311,68,25d,274
77,0.8947368421052628,153,243,24h,568
412,0.8947368421052628,451,208,3d,155
410,0.42105263157894757,468,101,30d+,621
240,0.1578947368421053,272,112,4d,95
474,0.5789473684210527,330,253,30d+,165
93,0.368421052631579,409,293,30d+,198
159,0.5263157894736841,488,16,16d,286
74,0.26315789473684204,44,78,3d,157
41,0.4736842105263157,272,176,3d,117
80,0.6315789473684208,57,231,8d,510
65,1.0,269,265,23d,138
157,0.6842105263157894,276,121,10d,461
321,0.3157894736842106,215,78,4d,536
84,0.26315789473684204,280,293,30d+,306
518,0.6315789473684208,137,104,30d+,272
386,0.10526315789473695,16,91,30d+,224
362,0.5263157894736841,429,221,1d,270
193,0.4736842105263157,415,253,5d,482
79,0.21052631578947367,10,111,30d+,360
232,0.368421052631579,294,196,30d+,605
303,0.8421052631578947,384,102,12d,122
604,0.6315789473684208,128,135,4d,122
151,0.4736842105263157,411,293,12d,122
572,0.4736842105263157,65,127,30d+,122
218,0.8947368421052628,368,157,8d,122
319,0.4736842105263157,486,23,20d,122
538,0.3157894736842106,253,115,10d,122
556,0.8421052631578947,450,238,10d,122
349,0.5789473684210527,272,222,15d,122
440,0.6315789473684208,371,214,4d,122
219,0.10526315789473695,504,89,3d,122
73,0.42105263157894757,487,243,8d,122
174,0.42105263157894757,294,260,30d+,122
503,0.26315789473684204,108,293,2d,122
15,0.6842105263157894,430,92,15d,122
597,0.5789473684210527,320,254,30d+,122
154,0.5789473684210527,28,7,13d,122
476,0.0,289,180,6d,122
285,0.42105263157894757,215,173,10d,122
202,0.7894736842105265,248,35,9d,122
171,0.3157894736842106,294,12,2d,122
347,0.42105263157894757,222,148,1d,122
324,0.4736842105263157,294,41,30d+,122
28,1.0,419,204,30d+,122
51,0.5237109270638527,262,16,3d,122
603,0.5237109270638527,215,188,12d,122
312,0.5237109270638527,8,265,1d,122
505,0.5237109270638527,388,198,3d,122
531,0.5237109270638527,170,80,18d,122
290,0.5237109270638527,294,293,30d+,122
509,0.5237109270638527,225,243,24d,122
17,0.5237109270638527,4,104,18d,122
420,0.5237109270638527,59,226,6d,122
436,0.5237109270638527,489,4,3d,122
139,0.5237109270638527,169,137,30d+,122
254,0.5237109270638527,114,35,30d+,122
125,0.5237109270638527,247,243,6d,122
498,0.5237109270638527,207,285,24d,122
308,0.5237109270638527,294,246,3d,122
201,0.5237109270638527,474,35,12d,122
478,0.5237109270638527,300,187,30d+,122
495,0.5237109270638527,212,257,6d,122
186,0.5237109270638527,384,210,30d+,122
114,0.5237109270638527,15,204,20d,122
341,0.5237109270638527,334,186,30d+,122
610,0.5237109270638527,294,291,12d,122
40,0.5237109270638527,215,139,30d+,122
165,0.5237109270638527,378,249,3d,122
211,0.5237109270638527,290,265,25d,122
0,0.5237109270638527,294,8,25d,122
190,0.5237109270638527,241,307,4d,122
16,0.5237109270638527,180,228,3d,122
436,0.5237109270638527,294,31,13d,122
149,0.5237109270638527,14,168,3d,122
569,0.5237109270638527,215,238,3d,122
11,0.5237109270638527,492,265,3d,122
222,0.5237109270638527,254,48,3d,122
59,0.5237109270638527,5,8,30d+,122
109,0.5237109270638527,299,168,9d,122
377,0.5237109270638527,294,43,1d,122
212,0.5237109270638527,358,247,30d+,122
543,0.5237109270638527,281,88,10d,122
401,0.5237109270638527,231,135,12d,122
389,0.5237109270638527,440,238,12d,122
399,0.5237109270638527,272,212,30d+,122
464,0.5237109270638527,215,293,1d,122
131,0.5237109270638527,265,217,23d,122
23,0.5237109270638527,208,253,30d+,122
82,0.5237109270638527,304,293,8d,122
511,0.5237109270638527,215,254,30d+,122
51,0.5237109270638527,13,265,27d,122
120,0.5237109270638527,295,285,2d,122
433,0.5237109270638527,122,252,9d,122
174,0.5237109270638527,294,289,30d+,122
345,0.5237109270638527,215,16,10d,122
573,0.5237109270638527,492,57,30d,122
525,0.5237109270638527,60,293,2d,122
281,0.5237109270638527,384,293,12d,122
464,0.5237109270638527,460,288,16d,122
64,0.5237109270638527,294,11,5d,122
73,0.5237109270638527,347,23,30d+,122
365,0.5237109270638527,257,60,1d,122
73,0.5237109270638527,207,8,3d,122
397,0.5237109270638527,176,259,2d,122
336,0.5237109270638527,297,292,30d+,122
473,0.5237109270638527,204,183,13d,122
127,0.5237109270638527,196,231,30d+,122
51,0.5237109270638527,294,22,11d,122
107,0.5237109270638527,147,12,15d,122
34,0.5237109270638527,255,265,24h,122
42,0.5237109270638527,174,119,2d,122
437,0.5237109270638527,441,167,30d+,122
515,0.5237109270638527,268,265,26d,122
23,0.5237109270638527,215,259,3d,122
255,0.5237109270638527,294,90,30d+,122
592,0.5237109270638527,286,253,30d+,122
162,0.5237109270638527,264,239,30d+,122
447,0.5237109270638527,371,295,3d,122
386,0.5237109270638527,71,151,2d,122
32,0.5237109270638527,223,256,30d+,122
430,0.5237109270638527,425,253,6d,122
279,0.5237109270638527,317,8,18d,122
344,0.5237109270638527,215,274,19d,122
107,0.5237109270638527,138,60,2d,122
107,0.5237109270638527,115,35,10d,122
